term,meaning
OD,once a day
od,once a day
BD,twice a day
bd,twice a day
b.i.d.,twice a day
BID,twice a day
TDS,three times a day
tds,three times a day
t.i.d.,three times a day
TID,three times a day
QDS,four times a day
qds,four times a day
q.i.d.,four times a day
QID,four times a day
ON,every night (at bedtime)
nocte,at night
mane,in the morning
q.h.s.,at bedtime
h.s.,at bedtime
PRN,only when needed
p.r.n.,only when needed
STAT,straight away (one dose now)
PO,by mouth
p.o.,by mouth
IV,into a vein (through a drip or injection)
IM,injection into a muscle
SC,injection under the skin
NBM,nothing to eat or drink (nil by mouth)
TTO,medicines to take home from hospital
mg,milligrams (a unit of weight for medicines)
mcg,micrograms (1 microgram is 1000 times smaller than 1 milligram)
g,grams
ml,millilitres (a unit of liquid)
mmol/mol,a unit used for the HbA1c blood sugar test
nmol/L,a unit used for some blood tests
mU/L,a unit used for the TSH thyroid blood test
GP,family doctor
A&E,Accident and Emergency department (the hospital emergency department)
ED,Emergency Department (the hospital emergency department)
ER,Emergency Room (the hospital emergency department)
OPD,outpatient department (hospital clinic where you do not stay overnight)
MAU,Maternity Assessment Unit (hospital unit for pregnancy problems)
ICU,intensive care unit
FBC,full blood count (a blood test that counts blood cells)
CBC,complete blood count (a blood test that counts blood cells)
U&E,urea and electrolytes (a blood test of kidney function and salts)
U&Es,urea and electrolytes (blood tests of kidney function and salts)
LFT,liver function test (a blood test of the liver)
TFT,thyroid function test (a blood test of the thyroid gland)
TSH,thyroid stimulating hormone (a hormone measured to check the thyroid)
CRP,C-reactive protein (a blood test that can show inflammation)
INR,a blood test that shows how long blood takes to clot (used with warfarin)
HbA1c,a blood test showing average blood sugar over the last 2 to 3 months
eGFR,a blood test estimate of how well the kidneys filter blood
ECG,a recording of the heart's electrical activity (heart tracing)
EKG,a recording of the heart's electrical activity (heart tracing)
Echo,an ultrasound scan of the heart
CXR,chest X-ray
CT,a type of detailed X-ray scan (CT scan)
MRI,a scan that uses magnets to take detailed pictures inside the body
USS,ultrasound scan
EEG,a recording of the brain's electrical activity
BP,blood pressure
HR,heart rate (pulse)
SpO2,the amount of oxygen in the blood (oxygen level)
SOB,short of breath
NAD,nothing abnormal found
NKDA,no known drug allergies
Hx,history
Dx,diagnosis
Rx,treatment or prescription
c/o,complaining of
s/p,status post (after a past operation or event)
MI,heart attack (myocardial infarction)
NSTEMI,a type of heart attack
STEMI,a type of heart attack
CVA,stroke (cerebrovascular accident)
TIA,mini-stroke (transient ischaemic attack)
COPD,a long-term lung condition that makes breathing difficult (chronic obstructive pulmonary disease)
CHF,heart failure (the heart does not pump as well as it should)
UTI,urinary tract infection (infection in the bladder or kidneys)
AKI,acute kidney injury (the kidneys suddenly work less well)
DVT,a blood clot in a deep vein (usually in the leg)
PE,a blood clot in the lungs (pulmonary embolism)
GI,gastrointestinal (to do with the stomach and bowel)
ACL,anterior cruciate ligament (a ligament inside the knee)
ORIF,an operation to fix a broken bone with metal plates or screws
T&A,an operation to remove the tonsils and adenoids
PDT,photodynamic therapy (a light-activated treatment)
CURB-65,a score doctors use to judge how serious a chest infection is
GTN,glyceryl trinitrate (a medicine for chest pain from the heart)
NSAID,anti-inflammatory painkiller (like ibuprofen)
cc,a copy of this letter was sent to
